dataset,encoding,metric,value,unit,detail
snowflake_i64,uncompressed,encode_time,31.450643,ms,0
snowflake_i64,uncompressed,compressed_size,524592.000000,bytes,0
snowflake_i64,uncompressed,compression_ratio,0.999421,x,0
snowflake_i64,uncompressed,bulk_decode,0.000925,ms/rowgroup,0
snowflake_i64,uncompressed,point_via_bulk,0.025970,us/probe,0
snowflake_i64,ffor,encode_time,18.497916,ms,0
snowflake_i64,ffor,compressed_size,247472.000000,bytes,0
snowflake_i64,ffor,compression_ratio,2.118575,x,0
snowflake_i64,ffor,bulk_decode,0.027747,ms/rowgroup,0
snowflake_i64,ffor,point_via_bulk,0.470394,us/probe,0
snowflake_i64,delta,encode_time,14.064056,ms,0
snowflake_i64,delta,compressed_size,239792.000000,bytes,0
snowflake_i64,delta,compression_ratio,2.186428,x,0
snowflake_i64,delta,bulk_decode,0.054645,ms/rowgroup,0
snowflake_i64,delta,point_via_bulk,0.929185,us/probe,0
snowflake_i64,ffor_slpatch,encode_time,1426.293557,ms,0
snowflake_i64,ffor_slpatch,compressed_size,247588.000000,bytes,0
snowflake_i64,ffor_slpatch,compression_ratio,2.117582,x,0
snowflake_i64,ffor_slpatch,bulk_decode,0.032426,ms/rowgroup,0
snowflake_i64,ffor_slpatch,point_via_bulk,0.445402,us/probe,0
snowflake_i64,subintsplit,encode_time,61.593615,ms,0
snowflake_i64,subintsplit,compressed_size,160693.000000,bytes,0
snowflake_i64,subintsplit,compression_ratio,3.262669,x,0
snowflake_i64,subintsplit,bulk_decode,0.110564,ms/rowgroup,0
snowflake_i64,subintsplit,point_via_bulk,2.387976,us/probe,0
snowflake_i64,subintsplit,sections,3.000000,count,0
snowflake_i64,subintsplit,point_access,0.170575,us/probe,0
snowflake_i64,subintsplit,gather_pointwise,0.234404,us/gather,1
snowflake_i64,subintsplit,gather_decoded,2.855647,us/gather,1
snowflake_i64,subintsplit,gather_pointwise,0.356190,us/gather,4
snowflake_i64,subintsplit,gather_decoded,2.928968,us/gather,4
snowflake_i64,subintsplit,gather_pointwise,0.575078,us/gather,16
snowflake_i64,subintsplit,gather_decoded,2.629352,us/gather,16
snowflake_i64,subintsplit,gather_pointwise,1.664393,us/gather,64
snowflake_i64,subintsplit,gather_decoded,2.857752,us/gather,64
snowflake_i64,subintsplit,gather_pointwise,6.661942,us/gather,256
snowflake_i64,subintsplit,gather_decoded,4.452529,us/gather,256
snowflake_i64,subintsplit,gather_pointwise,25.497001,us/gather,1024
snowflake_i64,subintsplit,gather_decoded,6.299461,us/gather,1024
tpch_partkey_i32,uncompressed,encode_time,15.534303,ms,0
tpch_partkey_i32,uncompressed,compressed_size,262448.000000,bytes,0
tpch_partkey_i32,uncompressed,compression_ratio,0.998842,x,0
tpch_partkey_i32,uncompressed,bulk_decode,0.000650,ms/rowgroup,0
tpch_partkey_i32,uncompressed,point_via_bulk,0.014992,us/probe,0
tpch_partkey_i32,ffor,encode_time,17.325636,ms,0
tpch_partkey_i32,ffor,compressed_size,148272.000000,bytes,0
tpch_partkey_i32,ffor,compression_ratio,1.767994,x,0
tpch_partkey_i32,ffor,bulk_decode,0.017946,ms/rowgroup,0
tpch_partkey_i32,ffor,point_via_bulk,0.232098,us/probe,0
tpch_partkey_i32,delta,encode_time,22.441036,ms,0
tpch_partkey_i32,delta,compressed_size,164784.000000,bytes,0
tpch_partkey_i32,delta,compression_ratio,1.590834,x,0
tpch_partkey_i32,delta,bulk_decode,0.023301,ms/rowgroup,0
tpch_partkey_i32,delta,point_via_bulk,0.363899,us/probe,0
tpch_partkey_i32,ffor_slpatch,encode_time,1039.103930,ms,0
tpch_partkey_i32,ffor_slpatch,compressed_size,148592.000000,bytes,0
tpch_partkey_i32,ffor_slpatch,compression_ratio,1.764186,x,0
tpch_partkey_i32,ffor_slpatch,bulk_decode,0.017990,ms/rowgroup,0
tpch_partkey_i32,ffor_slpatch,point_via_bulk,0.227962,us/probe,0
tpch_partkey_i32,subintsplit,encode_time,20.221759,ms,0
tpch_partkey_i32,subintsplit,compressed_size,148275.000000,bytes,0
tpch_partkey_i32,subintsplit,compression_ratio,1.767958,x,0
tpch_partkey_i32,subintsplit,bulk_decode,0.019097,ms/rowgroup,0
tpch_partkey_i32,subintsplit,point_via_bulk,0.338551,us/probe,0
tpch_partkey_i32,subintsplit,sections,1.000000,count,0
tpch_partkey_i32,subintsplit,point_access,0.060529,us/probe,0
tpch_partkey_i32,subintsplit,gather_pointwise,0.090219,us/gather,1
tpch_partkey_i32,subintsplit,gather_decoded,0.342722,us/gather,1
tpch_partkey_i32,subintsplit,gather_pointwise,0.121248,us/gather,4
tpch_partkey_i32,subintsplit,gather_decoded,0.343226,us/gather,4
tpch_partkey_i32,subintsplit,gather_pointwise,0.374179,us/gather,16
tpch_partkey_i32,subintsplit,gather_decoded,0.426443,us/gather,16
tpch_partkey_i32,subintsplit,gather_pointwise,1.284647,us/gather,64
tpch_partkey_i32,subintsplit,gather_decoded,0.584242,us/gather,64
tpch_partkey_i32,subintsplit,gather_pointwise,4.163220,us/gather,256
tpch_partkey_i32,subintsplit,gather_decoded,1.551268,us/gather,256
tpch_partkey_i32,subintsplit,gather_pointwise,18.549881,us/gather,1024
tpch_partkey_i32,subintsplit,gather_decoded,4.637185,us/gather,1024
ipv4_i32,uncompressed,encode_time,12.019933,ms,0
ipv4_i32,uncompressed,compressed_size,262448.000000,bytes,0
ipv4_i32,uncompressed,compression_ratio,0.998842,x,0
ipv4_i32,uncompressed,bulk_decode,0.000524,ms/rowgroup,0
ipv4_i32,uncompressed,point_via_bulk,0.012147,us/probe,0
ipv4_i32,ffor,encode_time,11.521634,ms,0
ipv4_i32,ffor,compressed_size,262960.000000,bytes,0
ipv4_i32,ffor,compression_ratio,0.996897,x,0
ipv4_i32,ffor,bulk_decode,0.012840,ms/rowgroup,0
ipv4_i32,ffor,point_via_bulk,0.189133,us/probe,0
ipv4_i32,delta,encode_time,11.389193,ms,0
ipv4_i32,delta,compressed_size,271280.000000,bytes,0
ipv4_i32,delta,compression_ratio,0.966323,x,0
ipv4_i32,delta,bulk_decode,0.019307,ms/rowgroup,0
ipv4_i32,delta,point_via_bulk,0.308880,us/probe,0
ipv4_i32,ffor_slpatch,encode_time,922.316113,ms,0
ipv4_i32,ffor_slpatch,compressed_size,263280.000000,bytes,0
ipv4_i32,ffor_slpatch,compression_ratio,0.995685,x,0
ipv4_i32,ffor_slpatch,bulk_decode,0.012119,ms/rowgroup,0
ipv4_i32,ffor_slpatch,point_via_bulk,0.190139,us/probe,0
ipv4_i32,subintsplit,encode_time,23.461069,ms,0
ipv4_i32,subintsplit,compressed_size,262963.000000,bytes,0
ipv4_i32,subintsplit,compression_ratio,0.996885,x,0
ipv4_i32,subintsplit,bulk_decode,0.031471,ms/rowgroup,0
ipv4_i32,subintsplit,point_via_bulk,0.455066,us/probe,0
ipv4_i32,subintsplit,sections,1.000000,count,0
ipv4_i32,subintsplit,point_access,0.064292,us/probe,0
ipv4_i32,subintsplit,gather_pointwise,0.092944,us/gather,1
ipv4_i32,subintsplit,gather_decoded,0.435150,us/gather,1
ipv4_i32,subintsplit,gather_pointwise,0.102151,us/gather,4
ipv4_i32,subintsplit,gather_decoded,0.454320,us/gather,4
ipv4_i32,subintsplit,gather_pointwise,0.245990,us/gather,16
ipv4_i32,subintsplit,gather_decoded,0.587877,us/gather,16
ipv4_i32,subintsplit,gather_pointwise,0.848086,us/gather,64
ipv4_i32,subintsplit,gather_decoded,0.874149,us/gather,64
ipv4_i32,subintsplit,gather_pointwise,2.606285,us/gather,256
ipv4_i32,subintsplit,gather_decoded,1.946443,us/gather,256
ipv4_i32,subintsplit,gather_pointwise,9.470339,us/gather,1024
ipv4_i32,subintsplit,gather_decoded,7.076641,us/gather,1024
