dataset,group,encoding,metric,value,unit,detail,note
snowflake_i64_real,baseline,uncompressed,encode_time,228.125151,ms,0,min_of=1
snowflake_i64_real,baseline,uncompressed,compressed_size,8392752.000000,bytes,0,
snowflake_i64_real,baseline,uncompressed,compression_ratio,0.999506,x,0,raw_bytes=8388608;rows=1048576
snowflake_i64_real,baseline,uncompressed,schema,0.000000,token,0,EXP_UNCOMPRESSED_I64
snowflake_i64_real,baseline,uncompressed,data_type,0.000000,type,0,INT64
snowflake_i64_real,baseline,uncompressed,bulk_decode,0.000469,ms/rowgroup,0,min_of=5;rowgroups=16
snowflake_i64_real,baseline,uncompressed,point_decode_then_index,0.030318,us/probe,0,min_of=5;probes=20000
snowflake_i64_real,baseline,uncompressed,gather_decode_then_index,0.028879,us/gather,1,min_of=5;batch=512
snowflake_i64_real,baseline,uncompressed,gather_decode_then_index,0.042330,us/gather,4,min_of=5;batch=512
snowflake_i64_real,baseline,uncompressed,gather_decode_then_index,0.055846,us/gather,16,min_of=5;batch=512
snowflake_i64_real,baseline,uncompressed,gather_decode_then_index,0.254773,us/gather,64,min_of=5;batch=512
snowflake_i64_real,baseline,uncompressed,gather_decode_then_index,0.484422,us/gather,256,min_of=5;batch=512
snowflake_i64_real,baseline,uncompressed,gather_decode_then_index,0.884379,us/gather,1024,min_of=5;batch=512
snowflake_i64_real,codec,rle,encode_time,200.711726,ms,0,min_of=1
snowflake_i64_real,codec,rle,compressed_size,8664112.000000,bytes,0,
snowflake_i64_real,codec,rle,compression_ratio,0.968202,x,0,raw_bytes=8388608;rows=1048576
snowflake_i64_real,codec,rle,schema,0.000000,token,0,EXP_RLE_I64_U16
snowflake_i64_real,codec,rle,data_type,0.000000,type,0,INT64
snowflake_i64_real,codec,rle,bulk_decode,0.006411,ms/rowgroup,0,min_of=5;rowgroups=16
snowflake_i64_real,codec,rle,point_decode_then_index,3.875432,us/probe,0,min_of=5;probes=20000
snowflake_i64_real,codec,rle,gather_decode_then_index,3.888686,us/gather,1,min_of=5;batch=512
snowflake_i64_real,codec,rle,gather_decode_then_index,4.039365,us/gather,4,min_of=5;batch=512
snowflake_i64_real,codec,rle,gather_decode_then_index,4.757512,us/gather,16,min_of=5;batch=512
snowflake_i64_real,codec,rle,gather_decode_then_index,5.588977,us/gather,64,min_of=5;batch=512
snowflake_i64_real,codec,rle,gather_decode_then_index,4.996111,us/gather,256,min_of=5;batch=512
snowflake_i64_real,codec,rle,gather_decode_then_index,4.978783,us/gather,1024,min_of=5;batch=512
snowflake_i64_real,codec,dict,encode_time,386.401569,ms,0,min_of=1
snowflake_i64_real,codec,dict,compressed_size,9445488.000000,bytes,0,
snowflake_i64_real,codec,dict,compression_ratio,0.888107,x,0,raw_bytes=8388608;rows=1048576
snowflake_i64_real,codec,dict,schema,0.000000,token,0,EXP_DICT_I64_FFOR_U08
snowflake_i64_real,codec,dict,data_type,0.000000,type,0,INT64
snowflake_i64_real,codec,dict,bulk_decode,0.003984,ms/rowgroup,0,min_of=5;rowgroups=16
snowflake_i64_real,codec,dict,point_decode_then_index,3.411267,us/probe,0,min_of=5;probes=20000
snowflake_i64_real,codec,dict,gather_decode_then_index,4.082457,us/gather,1,min_of=5;batch=512
snowflake_i64_real,codec,dict,gather_decode_then_index,3.447186,us/gather,4,min_of=5;batch=512
snowflake_i64_real,codec,dict,gather_decode_then_index,3.144846,us/gather,16,min_of=5;batch=512
snowflake_i64_real,codec,dict,gather_decode_then_index,3.127439,us/gather,64,min_of=5;batch=512
snowflake_i64_real,codec,dict,gather_decode_then_index,3.202924,us/gather,256,min_of=5;batch=512
snowflake_i64_real,codec,dict,gather_decode_then_index,3.508115,us/gather,1024,min_of=5;batch=512
snowflake_i64_real,codec,ffor,encode_time,188.562897,ms,0,min_of=1
snowflake_i64_real,codec,ffor,compressed_size,6525616.000000,bytes,0,
snowflake_i64_real,codec,ffor,compression_ratio,1.285489,x,0,raw_bytes=8388608;rows=1048576
snowflake_i64_real,codec,ffor,schema,0.000000,token,0,EXP_FFOR_I64
snowflake_i64_real,codec,ffor,data_type,0.000000,type,0,INT64
snowflake_i64_real,codec,ffor,bulk_decode,0.036163,ms/rowgroup,0,min_of=5;rowgroups=16
snowflake_i64_real,codec,ffor,point_decode_then_index,0.684580,us/probe,0,min_of=5;probes=20000
snowflake_i64_real,codec,ffor,gather_decode_then_index,0.681592,us/gather,1,min_of=5;batch=512
snowflake_i64_real,codec,ffor,gather_decode_then_index,0.687107,us/gather,4,min_of=5;batch=512
snowflake_i64_real,codec,ffor,gather_decode_then_index,0.695910,us/gather,16,min_of=5;batch=512
snowflake_i64_real,codec,ffor,gather_decode_then_index,0.833713,us/gather,64,min_of=5;batch=512
snowflake_i64_real,codec,ffor,gather_decode_then_index,0.897570,us/gather,256,min_of=5;batch=512
snowflake_i64_real,codec,ffor,gather_decode_then_index,1.316449,us/gather,1024,min_of=5;batch=512
snowflake_i64_real,codec,frequency,encode_time,194.002002,ms,0,min_of=1
snowflake_i64_real,codec,frequency,compressed_size,10497056.000000,bytes,0,
snowflake_i64_real,codec,frequency,compression_ratio,0.799139,x,0,raw_bytes=8388608;rows=1048576
snowflake_i64_real,codec,frequency,schema,0.000000,token,0,EXP_FREQUENCY_I64
snowflake_i64_real,codec,frequency,data_type,0.000000,type,0,INT64
snowflake_i64_real,codec,frequency,bulk_decode,0.057189,ms/rowgroup,0,min_of=5;rowgroups=16
snowflake_i64_real,codec,frequency,point_decode_then_index,3.614981,us/probe,0,min_of=5;probes=20000
snowflake_i64_real,codec,frequency,gather_decode_then_index,4.258727,us/gather,1,min_of=5;batch=512
snowflake_i64_real,codec,frequency,gather_decode_then_index,3.731805,us/gather,4,min_of=5;batch=512
snowflake_i64_real,codec,frequency,gather_decode_then_index,3.676820,us/gather,16,min_of=5;batch=512
snowflake_i64_real,codec,frequency,gather_decode_then_index,3.681162,us/gather,64,min_of=5;batch=512
snowflake_i64_real,codec,frequency,gather_decode_then_index,3.786482,us/gather,256,min_of=5;batch=512
snowflake_i64_real,codec,frequency,gather_decode_then_index,4.480152,us/gather,1024,min_of=5;batch=512
snowflake_i64_real,codec,subintsplit,encode_time,659.249414,ms,0,min_of=1
snowflake_i64_real,codec,subintsplit,compressed_size,5164363.000000,bytes,0,
snowflake_i64_real,codec,subintsplit,compression_ratio,1.624326,x,0,raw_bytes=8388608;rows=1048576
snowflake_i64_real,codec,subintsplit,schema,0.000000,token,0,EXP_SUBINTSPLIT_I64
snowflake_i64_real,codec,subintsplit,data_type,0.000000,type,0,INT64
snowflake_i64_real,codec,subintsplit,bulk_decode,0.097914,ms/rowgroup,0,min_of=5;rowgroups=16
snowflake_i64_real,codec,subintsplit,point_decode_then_index,1.771311,us/probe,0,min_of=5;probes=20000
snowflake_i64_real,codec,subintsplit,gather_decode_then_index,1.791834,us/gather,1,min_of=5;batch=512
snowflake_i64_real,codec,subintsplit,gather_decode_then_index,1.870689,us/gather,4,min_of=5;batch=512
snowflake_i64_real,codec,subintsplit,gather_decode_then_index,1.793652,us/gather,16,min_of=5;batch=512
snowflake_i64_real,codec,subintsplit,gather_decode_then_index,1.837406,us/gather,64,min_of=5;batch=512
snowflake_i64_real,codec,subintsplit,gather_decode_then_index,1.939932,us/gather,256,min_of=5;batch=512
snowflake_i64_real,codec,subintsplit,gather_decode_then_index,2.276385,us/gather,1024,min_of=5;batch=512
snowflake_i64_real,codec,subintsplit,sis_layout,4.000000,sections,4,starts=0;12;17;22|bw_med=5;1;7|varies_by_rowgroup
snowflake_i64_real,codec,subintsplit,point_access,0.116303,us/probe,0,min_of=5;probes=20000
snowflake_i64_real,codec,subintsplit,gather_pointwise,0.122350,us/gather,1,min_of=5;batch=512
snowflake_i64_real,codec,subintsplit,gather_decoded,1.666291,us/gather,1,min_of=5;batch=512
snowflake_i64_real,codec,subintsplit,gather_pointwise,0.186938,us/gather,4,min_of=5;batch=512
snowflake_i64_real,codec,subintsplit,gather_decoded,1.662799,us/gather,4,min_of=5;batch=512
snowflake_i64_real,codec,subintsplit,gather_pointwise,0.407604,us/gather,16,min_of=5;batch=512
snowflake_i64_real,codec,subintsplit,gather_decoded,1.669602,us/gather,16,min_of=5;batch=512
snowflake_i64_real,codec,subintsplit,gather_pointwise,1.094793,us/gather,64,min_of=5;batch=512
snowflake_i64_real,codec,subintsplit,gather_decoded,1.714082,us/gather,64,min_of=5;batch=512
snowflake_i64_real,codec,subintsplit,gather_pointwise,3.755178,us/gather,256,min_of=5;batch=512
snowflake_i64_real,codec,subintsplit,gather_decoded,1.800008,us/gather,256,min_of=5;batch=512
snowflake_i64_real,codec,subintsplit,gather_pointwise,14.266551,us/gather,1024,min_of=5;batch=512
snowflake_i64_real,codec,subintsplit,gather_decoded,2.090920,us/gather,1024,min_of=5;batch=512
snowflake_i64_real,wizard,wizard_limited_with_sis,encode_time,2036.137705,ms,0,min_of=1
snowflake_i64_real,wizard,wizard_limited_with_sis,compressed_size,5164363.000000,bytes,0,
snowflake_i64_real,wizard,wizard_limited_with_sis,compression_ratio,1.624326,x,0,raw_bytes=8388608;rows=1048576
snowflake_i64_real,wizard,wizard_limited_with_sis,schema,0.000000,token,0,EXP_SUBINTSPLIT_I64
snowflake_i64_real,wizard,wizard_limited_with_sis,data_type,0.000000,type,0,INT64
snowflake_i64_real,wizard,wizard_limited_with_sis,bulk_decode,0.124506,ms/rowgroup,0,min_of=5;rowgroups=16
snowflake_i64_real,wizard,wizard_limited_with_sis,point_decode_then_index,1.770792,us/probe,0,min_of=5;probes=20000
snowflake_i64_real,wizard,wizard_limited_with_sis,gather_decode_then_index,1.780732,us/gather,1,min_of=5;batch=512
snowflake_i64_real,wizard,wizard_limited_with_sis,gather_decode_then_index,1.785822,us/gather,4,min_of=5;batch=512
snowflake_i64_real,wizard,wizard_limited_with_sis,gather_decode_then_index,1.780568,us/gather,16,min_of=5;batch=512
snowflake_i64_real,wizard,wizard_limited_with_sis,gather_decode_then_index,1.841088,us/gather,64,min_of=5;batch=512
snowflake_i64_real,wizard,wizard_limited_with_sis,gather_decode_then_index,1.942262,us/gather,256,min_of=5;batch=512
snowflake_i64_real,wizard,wizard_limited_with_sis,gather_decode_then_index,2.281326,us/gather,1024,min_of=5;batch=512
snowflake_i64_real,wizard,wizard_limited_with_sis,sis_layout,4.000000,sections,4,starts=0;12;17;22|bw_med=5;1;7|varies_by_rowgroup
snowflake_i64_real,wizard,wizard_limited_with_sis,point_access,0.116244,us/probe,0,min_of=5;probes=20000
snowflake_i64_real,wizard,wizard_limited_with_sis,gather_pointwise,0.122193,us/gather,1,min_of=5;batch=512
snowflake_i64_real,wizard,wizard_limited_with_sis,gather_decoded,1.652158,us/gather,1,min_of=5;batch=512
snowflake_i64_real,wizard,wizard_limited_with_sis,gather_pointwise,0.184818,us/gather,4,min_of=5;batch=512
snowflake_i64_real,wizard,wizard_limited_with_sis,gather_decoded,1.659365,us/gather,4,min_of=5;batch=512
snowflake_i64_real,wizard,wizard_limited_with_sis,gather_pointwise,0.389996,us/gather,16,min_of=5;batch=512
snowflake_i64_real,wizard,wizard_limited_with_sis,gather_decoded,1.670658,us/gather,16,min_of=5;batch=512
snowflake_i64_real,wizard,wizard_limited_with_sis,gather_pointwise,1.120172,us/gather,64,min_of=5;batch=512
snowflake_i64_real,wizard,wizard_limited_with_sis,gather_decoded,1.707295,us/gather,64,min_of=5;batch=512
snowflake_i64_real,wizard,wizard_limited_with_sis,gather_pointwise,3.725508,us/gather,256,min_of=5;batch=512
snowflake_i64_real,wizard,wizard_limited_with_sis,gather_decoded,1.792563,us/gather,256,min_of=5;batch=512
snowflake_i64_real,wizard,wizard_limited_with_sis,gather_pointwise,14.321068,us/gather,1024,min_of=5;batch=512
snowflake_i64_real,wizard,wizard_limited_with_sis,gather_decoded,2.092961,us/gather,1024,min_of=5;batch=512
snowflake_i64_real,wizard,wizard_limited_without_sis,encode_time,1511.309707,ms,0,min_of=1
snowflake_i64_real,wizard,wizard_limited_without_sis,compressed_size,6525616.000000,bytes,0,
snowflake_i64_real,wizard,wizard_limited_without_sis,compression_ratio,1.285489,x,0,raw_bytes=8388608;rows=1048576
snowflake_i64_real,wizard,wizard_limited_without_sis,schema,0.000000,token,0,EXP_FFOR_I64
snowflake_i64_real,wizard,wizard_limited_without_sis,data_type,0.000000,type,0,INT64
snowflake_i64_real,wizard,wizard_limited_without_sis,bulk_decode,0.027465,ms/rowgroup,0,min_of=5;rowgroups=16
snowflake_i64_real,wizard,wizard_limited_without_sis,point_decode_then_index,0.529698,us/probe,0,min_of=5;probes=20000
snowflake_i64_real,wizard,wizard_limited_without_sis,gather_decode_then_index,0.531029,us/gather,1,min_of=5;batch=512
snowflake_i64_real,wizard,wizard_limited_without_sis,gather_decode_then_index,0.531887,us/gather,4,min_of=5;batch=512
snowflake_i64_real,wizard,wizard_limited_without_sis,gather_decode_then_index,0.539986,us/gather,16,min_of=5;batch=512
snowflake_i64_real,wizard,wizard_limited_without_sis,gather_decode_then_index,0.594305,us/gather,64,min_of=5;batch=512
snowflake_i64_real,wizard,wizard_limited_without_sis,gather_decode_then_index,0.700602,us/gather,256,min_of=5;batch=512
snowflake_i64_real,wizard,wizard_limited_without_sis,gather_decode_then_index,1.017119,us/gather,1024,min_of=5;batch=512
snowflake_i64,baseline,uncompressed,encode_time,160.147831,ms,0,min_of=1
snowflake_i64,baseline,uncompressed,compressed_size,8392752.000000,bytes,0,
snowflake_i64,baseline,uncompressed,compression_ratio,0.999506,x,0,raw_bytes=8388608;rows=1048576
snowflake_i64,baseline,uncompressed,schema,0.000000,token,0,EXP_UNCOMPRESSED_I64
snowflake_i64,baseline,uncompressed,data_type,0.000000,type,0,INT64
snowflake_i64,baseline,uncompressed,bulk_decode,0.000404,ms/rowgroup,0,min_of=5;rowgroups=16
snowflake_i64,baseline,uncompressed,point_decode_then_index,0.026842,us/probe,0,min_of=5;probes=20000
snowflake_i64,baseline,uncompressed,gather_decode_then_index,0.026406,us/gather,1,min_of=5;batch=512
snowflake_i64,baseline,uncompressed,gather_decode_then_index,0.038547,us/gather,4,min_of=5;batch=512
snowflake_i64,baseline,uncompressed,gather_decode_then_index,0.053189,us/gather,16,min_of=5;batch=512
snowflake_i64,baseline,uncompressed,gather_decode_then_index,0.227404,us/gather,64,min_of=5;batch=512
snowflake_i64,baseline,uncompressed,gather_decode_then_index,0.415066,us/gather,256,min_of=5;batch=512
snowflake_i64,baseline,uncompressed,gather_decode_then_index,0.798094,us/gather,1024,min_of=5;batch=512
snowflake_i64,codec,rle,encode_time,135.006657,ms,0,min_of=1
snowflake_i64,codec,rle,compressed_size,8664112.000000,bytes,0,
snowflake_i64,codec,rle,compression_ratio,0.968202,x,0,raw_bytes=8388608;rows=1048576
snowflake_i64,codec,rle,schema,0.000000,token,0,EXP_RLE_I64_U16
snowflake_i64,codec,rle,data_type,0.000000,type,0,INT64
snowflake_i64,codec,rle,bulk_decode,0.006769,ms/rowgroup,0,min_of=5;rowgroups=16
snowflake_i64,codec,rle,point_decode_then_index,3.992296,us/probe,0,min_of=5;probes=20000
snowflake_i64,codec,rle,gather_decode_then_index,4.360754,us/gather,1,min_of=5;batch=512
snowflake_i64,codec,rle,gather_decode_then_index,3.960436,us/gather,4,min_of=5;batch=512
snowflake_i64,codec,rle,gather_decode_then_index,3.948064,us/gather,16,min_of=5;batch=512
snowflake_i64,codec,rle,gather_decode_then_index,4.006377,us/gather,64,min_of=5;batch=512
snowflake_i64,codec,rle,gather_decode_then_index,4.089793,us/gather,256,min_of=5;batch=512
snowflake_i64,codec,rle,gather_decode_then_index,4.406443,us/gather,1024,min_of=5;batch=512
snowflake_i64,codec,dict,encode_time,246.509008,ms,0,min_of=1
snowflake_i64,codec,dict,compressed_size,9445488.000000,bytes,0,
snowflake_i64,codec,dict,compression_ratio,0.888107,x,0,raw_bytes=8388608;rows=1048576
snowflake_i64,codec,dict,schema,0.000000,token,0,EXP_DICT_I64_FFOR_U08
snowflake_i64,codec,dict,data_type,0.000000,type,0,INT64
snowflake_i64,codec,dict,bulk_decode,0.003767,ms/rowgroup,0,min_of=5;rowgroups=16
snowflake_i64,codec,dict,point_decode_then_index,4.104230,us/probe,0,min_of=5;probes=20000
snowflake_i64,codec,dict,gather_decode_then_index,3.580201,us/gather,1,min_of=5;batch=512
snowflake_i64,codec,dict,gather_decode_then_index,3.649480,us/gather,4,min_of=5;batch=512
snowflake_i64,codec,dict,gather_decode_then_index,3.514012,us/gather,16,min_of=5;batch=512
snowflake_i64,codec,dict,gather_decode_then_index,3.774279,us/gather,64,min_of=5;batch=512
snowflake_i64,codec,dict,gather_decode_then_index,3.436805,us/gather,256,min_of=5;batch=512
snowflake_i64,codec,dict,gather_decode_then_index,3.890029,us/gather,1024,min_of=5;batch=512
snowflake_i64,codec,ffor,encode_time,126.117075,ms,0,min_of=1
snowflake_i64,codec,ffor,compressed_size,3977392.000000,bytes,0,
snowflake_i64,codec,ffor,compression_ratio,2.109072,x,0,raw_bytes=8388608;rows=1048576
snowflake_i64,codec,ffor,schema,0.000000,token,0,EXP_FFOR_I64
snowflake_i64,codec,ffor,data_type,0.000000,type,0,INT64
snowflake_i64,codec,ffor,bulk_decode,0.022696,ms/rowgroup,0,min_of=5;rowgroups=16
snowflake_i64,codec,ffor,point_decode_then_index,0.485509,us/probe,0,min_of=5;probes=20000
snowflake_i64,codec,ffor,gather_decode_then_index,0.476988,us/gather,1,min_of=5;batch=512
snowflake_i64,codec,ffor,gather_decode_then_index,0.486225,us/gather,4,min_of=5;batch=512
snowflake_i64,codec,ffor,gather_decode_then_index,0.489027,us/gather,16,min_of=5;batch=512
snowflake_i64,codec,ffor,gather_decode_then_index,0.558811,us/gather,64,min_of=5;batch=512
snowflake_i64,codec,ffor,gather_decode_then_index,0.669982,us/gather,256,min_of=5;batch=512
snowflake_i64,codec,ffor,gather_decode_then_index,1.067047,us/gather,1024,min_of=5;batch=512
snowflake_i64,codec,frequency,encode_time,145.920156,ms,0,min_of=1
snowflake_i64,codec,frequency,compressed_size,10497056.000000,bytes,0,
snowflake_i64,codec,frequency,compression_ratio,0.799139,x,0,raw_bytes=8388608;rows=1048576
snowflake_i64,codec,frequency,schema,0.000000,token,0,EXP_FREQUENCY_I64
snowflake_i64,codec,frequency,data_type,0.000000,type,0,INT64
snowflake_i64,codec,frequency,bulk_decode,0.051457,ms/rowgroup,0,min_of=5;rowgroups=16
snowflake_i64,codec,frequency,point_decode_then_index,3.865288,us/probe,0,min_of=5;probes=20000
snowflake_i64,codec,frequency,gather_decode_then_index,3.964469,us/gather,1,min_of=5;batch=512
snowflake_i64,codec,frequency,gather_decode_then_index,5.000133,us/gather,4,min_of=5;batch=512
snowflake_i64,codec,frequency,gather_decode_then_index,4.656408,us/gather,16,min_of=5;batch=512
snowflake_i64,codec,frequency,gather_decode_then_index,4.585377,us/gather,64,min_of=5;batch=512
snowflake_i64,codec,frequency,gather_decode_then_index,5.702842,us/gather,256,min_of=5;batch=512
snowflake_i64,codec,frequency,gather_decode_then_index,6.012135,us/gather,1024,min_of=5;batch=512
snowflake_i64,codec,subintsplit,encode_time,1037.787208,ms,0,min_of=1
snowflake_i64,codec,subintsplit,compressed_size,2593536.000000,bytes,0,
snowflake_i64,codec,subintsplit,compression_ratio,3.234429,x,0,raw_bytes=8388608;rows=1048576
snowflake_i64,codec,subintsplit,schema,0.000000,token,0,EXP_SUBINTSPLIT_I64
snowflake_i64,codec,subintsplit,data_type,0.000000,type,0,INT64
snowflake_i64,codec,subintsplit,bulk_decode,0.128576,ms/rowgroup,0,min_of=5;rowgroups=16
snowflake_i64,codec,subintsplit,point_decode_then_index,2.611598,us/probe,0,min_of=5;probes=20000
snowflake_i64,codec,subintsplit,gather_decode_then_index,2.798252,us/gather,1,min_of=5;batch=512
snowflake_i64,codec,subintsplit,gather_decode_then_index,2.643180,us/gather,4,min_of=5;batch=512
snowflake_i64,codec,subintsplit,gather_decode_then_index,3.290510,us/gather,16,min_of=5;batch=512
snowflake_i64,codec,subintsplit,gather_decode_then_index,2.926965,us/gather,64,min_of=5;batch=512
snowflake_i64,codec,subintsplit,gather_decode_then_index,3.151064,us/gather,256,min_of=5;batch=512
snowflake_i64,codec,subintsplit,gather_decode_then_index,4.319953,us/gather,1024,min_of=5;batch=512
snowflake_i64,codec,subintsplit,sis_layout,3.000000,sections,3,starts=0;12;22|bw_med=5;6;8
snowflake_i64,codec,subintsplit,point_access,0.207631,us/probe,0,min_of=5;probes=20000
snowflake_i64,codec,subintsplit,gather_pointwise,0.178016,us/gather,1,min_of=5;batch=512
snowflake_i64,codec,subintsplit,gather_decoded,2.833057,us/gather,1,min_of=5;batch=512
snowflake_i64,codec,subintsplit,gather_pointwise,0.314449,us/gather,4,min_of=5;batch=512
snowflake_i64,codec,subintsplit,gather_decoded,2.800174,us/gather,4,min_of=5;batch=512
snowflake_i64,codec,subintsplit,gather_pointwise,0.582652,us/gather,16,min_of=5;batch=512
snowflake_i64,codec,subintsplit,gather_decoded,2.386998,us/gather,16,min_of=5;batch=512
snowflake_i64,codec,subintsplit,gather_pointwise,1.371521,us/gather,64,min_of=5;batch=512
snowflake_i64,codec,subintsplit,gather_decoded,2.515797,us/gather,64,min_of=5;batch=512
snowflake_i64,codec,subintsplit,gather_pointwise,4.491070,us/gather,256,min_of=5;batch=512
snowflake_i64,codec,subintsplit,gather_decoded,3.447684,us/gather,256,min_of=5;batch=512
snowflake_i64,codec,subintsplit,gather_pointwise,16.580777,us/gather,1024,min_of=5;batch=512
snowflake_i64,codec,subintsplit,gather_decoded,3.062545,us/gather,1024,min_of=5;batch=512
snowflake_i64,wizard,wizard_limited_with_sis,encode_time,2112.346430,ms,0,min_of=1
snowflake_i64,wizard,wizard_limited_with_sis,compressed_size,2593536.000000,bytes,0,
snowflake_i64,wizard,wizard_limited_with_sis,compression_ratio,3.234429,x,0,raw_bytes=8388608;rows=1048576
snowflake_i64,wizard,wizard_limited_with_sis,schema,0.000000,token,0,EXP_SUBINTSPLIT_I64
snowflake_i64,wizard,wizard_limited_with_sis,data_type,0.000000,type,0,INT64
snowflake_i64,wizard,wizard_limited_with_sis,bulk_decode,0.077549,ms/rowgroup,0,min_of=5;rowgroups=16
snowflake_i64,wizard,wizard_limited_with_sis,point_decode_then_index,1.824073,us/probe,0,min_of=5;probes=20000
snowflake_i64,wizard,wizard_limited_with_sis,gather_decode_then_index,2.240299,us/gather,1,min_of=5;batch=512
snowflake_i64,wizard,wizard_limited_with_sis,gather_decode_then_index,1.796000,us/gather,4,min_of=5;batch=512
snowflake_i64,wizard,wizard_limited_with_sis,gather_decode_then_index,2.255285,us/gather,16,min_of=5;batch=512
snowflake_i64,wizard,wizard_limited_with_sis,gather_decode_then_index,1.842580,us/gather,64,min_of=5;batch=512
snowflake_i64,wizard,wizard_limited_with_sis,gather_decode_then_index,1.950867,us/gather,256,min_of=5;batch=512
snowflake_i64,wizard,wizard_limited_with_sis,gather_decode_then_index,2.386789,us/gather,1024,min_of=5;batch=512
snowflake_i64,wizard,wizard_limited_with_sis,sis_layout,3.000000,sections,3,starts=0;12;22|bw_med=5;6;8
snowflake_i64,wizard,wizard_limited_with_sis,point_access,0.113043,us/probe,0,min_of=5;probes=20000
snowflake_i64,wizard,wizard_limited_with_sis,gather_pointwise,0.110141,us/gather,1,min_of=5;batch=512
snowflake_i64,wizard,wizard_limited_with_sis,gather_decoded,1.588937,us/gather,1,min_of=5;batch=512
snowflake_i64,wizard,wizard_limited_with_sis,gather_pointwise,0.168295,us/gather,4,min_of=5;batch=512
snowflake_i64,wizard,wizard_limited_with_sis,gather_decoded,1.442545,us/gather,4,min_of=5;batch=512
snowflake_i64,wizard,wizard_limited_with_sis,gather_pointwise,0.288471,us/gather,16,min_of=5;batch=512
snowflake_i64,wizard,wizard_limited_with_sis,gather_decoded,1.336199,us/gather,16,min_of=5;batch=512
snowflake_i64,wizard,wizard_limited_with_sis,gather_pointwise,0.727650,us/gather,64,min_of=5;batch=512
snowflake_i64,wizard,wizard_limited_with_sis,gather_decoded,1.412953,us/gather,64,min_of=5;batch=512
snowflake_i64,wizard,wizard_limited_with_sis,gather_pointwise,2.497887,us/gather,256,min_of=5;batch=512
snowflake_i64,wizard,wizard_limited_with_sis,gather_decoded,1.466973,us/gather,256,min_of=5;batch=512
snowflake_i64,wizard,wizard_limited_with_sis,gather_pointwise,9.203004,us/gather,1024,min_of=5;batch=512
snowflake_i64,wizard,wizard_limited_with_sis,gather_decoded,1.834789,us/gather,1024,min_of=5;batch=512
snowflake_i64,wizard,wizard_limited_without_sis,encode_time,1649.543752,ms,0,min_of=1
snowflake_i64,wizard,wizard_limited_without_sis,compressed_size,3977392.000000,bytes,0,
snowflake_i64,wizard,wizard_limited_without_sis,compression_ratio,2.109072,x,0,raw_bytes=8388608;rows=1048576
snowflake_i64,wizard,wizard_limited_without_sis,schema,0.000000,token,0,EXP_FFOR_I64
snowflake_i64,wizard,wizard_limited_without_sis,data_type,0.000000,type,0,INT64
snowflake_i64,wizard,wizard_limited_without_sis,bulk_decode,0.021308,ms/rowgroup,0,min_of=5;rowgroups=16
snowflake_i64,wizard,wizard_limited_without_sis,point_decode_then_index,0.460110,us/probe,0,min_of=5;probes=20000
snowflake_i64,wizard,wizard_limited_without_sis,gather_decode_then_index,0.457123,us/gather,1,min_of=5;batch=512
snowflake_i64,wizard,wizard_limited_without_sis,gather_decode_then_index,0.435461,us/gather,4,min_of=5;batch=512
snowflake_i64,wizard,wizard_limited_without_sis,gather_decode_then_index,0.442424,us/gather,16,min_of=5;batch=512
snowflake_i64,wizard,wizard_limited_without_sis,gather_decode_then_index,0.497541,us/gather,64,min_of=5;batch=512
snowflake_i64,wizard,wizard_limited_without_sis,gather_decode_then_index,0.589072,us/gather,256,min_of=5;batch=512
snowflake_i64,wizard,wizard_limited_without_sis,gather_decode_then_index,0.932479,us/gather,1024,min_of=5;batch=512
tpch_partkey_i32,baseline,uncompressed,encode_time,160.944504,ms,0,min_of=1
tpch_partkey_i32,baseline,uncompressed,compressed_size,4198448.000000,bytes,0,
tpch_partkey_i32,baseline,uncompressed,compression_ratio,0.999013,x,0,raw_bytes=4194304;rows=1048576
tpch_partkey_i32,baseline,uncompressed,schema,0.000000,token,0,EXP_UNCOMPRESSED_I32
tpch_partkey_i32,baseline,uncompressed,data_type,0.000000,type,0,INT32
tpch_partkey_i32,baseline,uncompressed,bulk_decode,0.000423,ms/rowgroup,0,min_of=5;rowgroups=16
tpch_partkey_i32,baseline,uncompressed,point_decode_then_index,0.026750,us/probe,0,min_of=5;probes=20000
tpch_partkey_i32,baseline,uncompressed,gather_decode_then_index,0.033883,us/gather,1,min_of=5;batch=512
tpch_partkey_i32,baseline,uncompressed,gather_decode_then_index,0.037373,us/gather,4,min_of=5;batch=512
tpch_partkey_i32,baseline,uncompressed,gather_decode_then_index,0.045568,us/gather,16,min_of=5;batch=512
tpch_partkey_i32,baseline,uncompressed,gather_decode_then_index,0.127404,us/gather,64,min_of=5;batch=512
tpch_partkey_i32,baseline,uncompressed,gather_decode_then_index,0.250197,us/gather,256,min_of=5;batch=512
tpch_partkey_i32,baseline,uncompressed,gather_decode_then_index,0.561172,us/gather,1024,min_of=5;batch=512
tpch_partkey_i32,codec,rle,encode_time,164.527338,ms,0,min_of=1
tpch_partkey_i32,codec,rle,compressed_size,4453992.000000,bytes,0,
tpch_partkey_i32,codec,rle,compression_ratio,0.941695,x,0,raw_bytes=4194304;rows=1048576
tpch_partkey_i32,codec,rle,schema,0.000000,token,0,EXP_RLE_I32_U16
tpch_partkey_i32,codec,rle,data_type,0.000000,type,0,INT32
tpch_partkey_i32,codec,rle,bulk_decode,0.008209,ms/rowgroup,0,min_of=5;rowgroups=16
tpch_partkey_i32,codec,rle,point_decode_then_index,2.398684,us/probe,0,min_of=5;probes=20000
tpch_partkey_i32,codec,rle,gather_decode_then_index,4.441367,us/gather,1,min_of=5;batch=512
tpch_partkey_i32,codec,rle,gather_decode_then_index,4.307158,us/gather,4,min_of=5;batch=512
tpch_partkey_i32,codec,rle,gather_decode_then_index,4.253551,us/gather,16,min_of=5;batch=512
tpch_partkey_i32,codec,rle,gather_decode_then_index,4.078836,us/gather,64,min_of=5;batch=512
tpch_partkey_i32,codec,rle,gather_decode_then_index,3.579209,us/gather,256,min_of=5;batch=512
tpch_partkey_i32,codec,rle,gather_decode_then_index,5.345791,us/gather,1024,min_of=5;batch=512
tpch_partkey_i32,codec,dict,encode_time,309.256336,ms,0,min_of=1
tpch_partkey_i32,codec,dict,compressed_size,4258300.000000,bytes,0,
tpch_partkey_i32,codec,dict,compression_ratio,0.984971,x,0,raw_bytes=4194304;rows=1048576
tpch_partkey_i32,codec,dict,schema,0.000000,token,0,EXP_DICT_I32_FFOR_U08
tpch_partkey_i32,codec,dict,data_type,0.000000,type,0,INT32
tpch_partkey_i32,codec,dict,bulk_decode,0.005184,ms/rowgroup,0,min_of=5;rowgroups=16
tpch_partkey_i32,codec,dict,point_decode_then_index,2.144718,us/probe,0,min_of=5;probes=20000
tpch_partkey_i32,codec,dict,gather_decode_then_index,2.985213,us/gather,1,min_of=5;batch=512
tpch_partkey_i32,codec,dict,gather_decode_then_index,2.825984,us/gather,4,min_of=5;batch=512
tpch_partkey_i32,codec,dict,gather_decode_then_index,2.734727,us/gather,16,min_of=5;batch=512
tpch_partkey_i32,codec,dict,gather_decode_then_index,3.337350,us/gather,64,min_of=5;batch=512
tpch_partkey_i32,codec,dict,gather_decode_then_index,2.953982,us/gather,256,min_of=5;batch=512
tpch_partkey_i32,codec,dict,gather_decode_then_index,3.374605,us/gather,1024,min_of=5;batch=512
tpch_partkey_i32,codec,ffor,encode_time,188.308252,ms,0,min_of=1
tpch_partkey_i32,codec,ffor,compressed_size,2371632.000000,bytes,0,
tpch_partkey_i32,codec,ffor,compression_ratio,1.768531,x,0,raw_bytes=4194304;rows=1048576
tpch_partkey_i32,codec,ffor,schema,0.000000,token,0,EXP_FFOR_I32
tpch_partkey_i32,codec,ffor,data_type,0.000000,type,0,INT32
tpch_partkey_i32,codec,ffor,bulk_decode,0.011106,ms/rowgroup,0,min_of=5;rowgroups=16
tpch_partkey_i32,codec,ffor,point_decode_then_index,0.240004,us/probe,0,min_of=5;probes=20000
tpch_partkey_i32,codec,ffor,gather_decode_then_index,0.240672,us/gather,1,min_of=5;batch=512
tpch_partkey_i32,codec,ffor,gather_decode_then_index,0.232723,us/gather,4,min_of=5;batch=512
tpch_partkey_i32,codec,ffor,gather_decode_then_index,0.235480,us/gather,16,min_of=5;batch=512
tpch_partkey_i32,codec,ffor,gather_decode_then_index,0.281805,us/gather,64,min_of=5;batch=512
tpch_partkey_i32,codec,ffor,gather_decode_then_index,0.374652,us/gather,256,min_of=5;batch=512
tpch_partkey_i32,codec,ffor,gather_decode_then_index,0.662199,us/gather,1024,min_of=5;batch=512
tpch_partkey_i32,codec,frequency,encode_time,159.128074,ms,0,min_of=1
tpch_partkey_i32,codec,frequency,compressed_size,6234220.000000,bytes,0,
tpch_partkey_i32,codec,frequency,compression_ratio,0.672787,x,0,raw_bytes=4194304;rows=1048576
tpch_partkey_i32,codec,frequency,schema,0.000000,token,0,EXP_FREQUENCY_I32
tpch_partkey_i32,codec,frequency,data_type,0.000000,type,0,INT32
tpch_partkey_i32,codec,frequency,bulk_decode,0.037365,ms/rowgroup,0,min_of=5;rowgroups=16
tpch_partkey_i32,codec,frequency,point_decode_then_index,2.016472,us/probe,0,min_of=5;probes=20000
tpch_partkey_i32,codec,frequency,gather_decode_then_index,3.534695,us/gather,1,min_of=5;batch=512
tpch_partkey_i32,codec,frequency,gather_decode_then_index,3.574250,us/gather,4,min_of=5;batch=512
tpch_partkey_i32,codec,frequency,gather_decode_then_index,3.167145,us/gather,16,min_of=5;batch=512
tpch_partkey_i32,codec,frequency,gather_decode_then_index,3.137842,us/gather,64,min_of=5;batch=512
tpch_partkey_i32,codec,frequency,gather_decode_then_index,3.769912,us/gather,256,min_of=5;batch=512
tpch_partkey_i32,codec,frequency,gather_decode_then_index,3.934650,us/gather,1024,min_of=5;batch=512
tpch_partkey_i32,codec,subintsplit,encode_time,211.293405,ms,0,min_of=1
tpch_partkey_i32,codec,subintsplit,compressed_size,2371680.000000,bytes,0,
tpch_partkey_i32,codec,subintsplit,compression_ratio,1.768495,x,0,raw_bytes=4194304;rows=1048576
tpch_partkey_i32,codec,subintsplit,schema,0.000000,token,0,EXP_SUBINTSPLIT_I32
tpch_partkey_i32,codec,subintsplit,data_type,0.000000,type,0,INT32
tpch_partkey_i32,codec,subintsplit,bulk_decode,0.018301,ms/rowgroup,0,min_of=5;rowgroups=16
tpch_partkey_i32,codec,subintsplit,point_decode_then_index,0.408716,us/probe,0,min_of=5;probes=20000
tpch_partkey_i32,codec,subintsplit,gather_decode_then_index,0.394428,us/gather,1,min_of=5;batch=512
tpch_partkey_i32,codec,subintsplit,gather_decode_then_index,0.388854,us/gather,4,min_of=5;batch=512
tpch_partkey_i32,codec,subintsplit,gather_decode_then_index,0.400891,us/gather,16,min_of=5;batch=512
tpch_partkey_i32,codec,subintsplit,gather_decode_then_index,0.442377,us/gather,64,min_of=5;batch=512
tpch_partkey_i32,codec,subintsplit,gather_decode_then_index,0.543209,us/gather,256,min_of=5;batch=512
tpch_partkey_i32,codec,subintsplit,gather_decode_then_index,0.853920,us/gather,1024,min_of=5;batch=512
tpch_partkey_i32,codec,subintsplit,sis_layout,1.000000,sections,1,starts=0|bw_med=18
tpch_partkey_i32,codec,subintsplit,point_access,0.040567,us/probe,0,min_of=5;probes=20000
tpch_partkey_i32,codec,subintsplit,gather_pointwise,0.045602,us/gather,1,min_of=5;batch=512
tpch_partkey_i32,codec,subintsplit,gather_decoded,0.329188,us/gather,1,min_of=5;batch=512
tpch_partkey_i32,codec,subintsplit,gather_pointwise,0.090426,us/gather,4,min_of=5;batch=512
tpch_partkey_i32,codec,subintsplit,gather_decoded,0.348117,us/gather,4,min_of=5;batch=512
tpch_partkey_i32,codec,subintsplit,gather_pointwise,0.192635,us/gather,16,min_of=5;batch=512
tpch_partkey_i32,codec,subintsplit,gather_decoded,0.351439,us/gather,16,min_of=5;batch=512
tpch_partkey_i32,codec,subintsplit,gather_pointwise,0.609631,us/gather,64,min_of=5;batch=512
tpch_partkey_i32,codec,subintsplit,gather_decoded,0.383189,us/gather,64,min_of=5;batch=512
tpch_partkey_i32,codec,subintsplit,gather_pointwise,2.370408,us/gather,256,min_of=5;batch=512
tpch_partkey_i32,codec,subintsplit,gather_decoded,0.512980,us/gather,256,min_of=5;batch=512
tpch_partkey_i32,codec,subintsplit,gather_pointwise,9.521164,us/gather,1024,min_of=5;batch=512
tpch_partkey_i32,codec,subintsplit,gather_decoded,0.831955,us/gather,1024,min_of=5;batch=512
tpch_partkey_i32,wizard,wizard_limited_with_sis,encode_time,1349.837321,ms,0,min_of=1
tpch_partkey_i32,wizard,wizard_limited_with_sis,compressed_size,2371632.000000,bytes,0,
tpch_partkey_i32,wizard,wizard_limited_with_sis,compression_ratio,1.768531,x,0,raw_bytes=4194304;rows=1048576
tpch_partkey_i32,wizard,wizard_limited_with_sis,schema,0.000000,token,0,EXP_FFOR_I32
tpch_partkey_i32,wizard,wizard_limited_with_sis,data_type,0.000000,type,0,INT32
tpch_partkey_i32,wizard,wizard_limited_with_sis,bulk_decode,0.012616,ms/rowgroup,0,min_of=5;rowgroups=16
tpch_partkey_i32,wizard,wizard_limited_with_sis,point_decode_then_index,0.290531,us/probe,0,min_of=5;probes=20000
tpch_partkey_i32,wizard,wizard_limited_with_sis,gather_decode_then_index,0.302225,us/gather,1,min_of=5;batch=512
tpch_partkey_i32,wizard,wizard_limited_with_sis,gather_decode_then_index,0.287418,us/gather,4,min_of=5;batch=512
tpch_partkey_i32,wizard,wizard_limited_with_sis,gather_decode_then_index,0.288475,us/gather,16,min_of=5;batch=512
tpch_partkey_i32,wizard,wizard_limited_with_sis,gather_decode_then_index,0.330568,us/gather,64,min_of=5;batch=512
tpch_partkey_i32,wizard,wizard_limited_with_sis,gather_decode_then_index,0.448037,us/gather,256,min_of=5;batch=512
tpch_partkey_i32,wizard,wizard_limited_with_sis,gather_decode_then_index,0.813844,us/gather,1024,min_of=5;batch=512
tpch_partkey_i32,wizard,wizard_limited_without_sis,encode_time,1408.864245,ms,0,min_of=1
tpch_partkey_i32,wizard,wizard_limited_without_sis,compressed_size,2371632.000000,bytes,0,
tpch_partkey_i32,wizard,wizard_limited_without_sis,compression_ratio,1.768531,x,0,raw_bytes=4194304;rows=1048576
tpch_partkey_i32,wizard,wizard_limited_without_sis,schema,0.000000,token,0,EXP_FFOR_I32
tpch_partkey_i32,wizard,wizard_limited_without_sis,data_type,0.000000,type,0,INT32
tpch_partkey_i32,wizard,wizard_limited_without_sis,bulk_decode,0.011159,ms/rowgroup,0,min_of=5;rowgroups=16
tpch_partkey_i32,wizard,wizard_limited_without_sis,point_decode_then_index,0.296651,us/probe,0,min_of=5;probes=20000
tpch_partkey_i32,wizard,wizard_limited_without_sis,gather_decode_then_index,0.349654,us/gather,1,min_of=5;batch=512
tpch_partkey_i32,wizard,wizard_limited_without_sis,gather_decode_then_index,0.353832,us/gather,4,min_of=5;batch=512
tpch_partkey_i32,wizard,wizard_limited_without_sis,gather_decode_then_index,0.331875,us/gather,16,min_of=5;batch=512
tpch_partkey_i32,wizard,wizard_limited_without_sis,gather_decode_then_index,0.429527,us/gather,64,min_of=5;batch=512
tpch_partkey_i32,wizard,wizard_limited_without_sis,gather_decode_then_index,0.592650,us/gather,256,min_of=5;batch=512
tpch_partkey_i32,wizard,wizard_limited_without_sis,gather_decode_then_index,1.056295,us/gather,1024,min_of=5;batch=512
ipv4_i32,baseline,uncompressed,encode_time,138.927311,ms,0,min_of=1
ipv4_i32,baseline,uncompressed,compressed_size,4198448.000000,bytes,0,
ipv4_i32,baseline,uncompressed,compression_ratio,0.999013,x,0,raw_bytes=4194304;rows=1048576
ipv4_i32,baseline,uncompressed,schema,0.000000,token,0,EXP_UNCOMPRESSED_I32
ipv4_i32,baseline,uncompressed,data_type,0.000000,type,0,INT32
ipv4_i32,baseline,uncompressed,bulk_decode,0.000401,ms/rowgroup,0,min_of=5;rowgroups=16
ipv4_i32,baseline,uncompressed,point_decode_then_index,0.024991,us/probe,0,min_of=5;probes=20000
ipv4_i32,baseline,uncompressed,gather_decode_then_index,0.026252,us/gather,1,min_of=5;batch=512
ipv4_i32,baseline,uncompressed,gather_decode_then_index,0.034104,us/gather,4,min_of=5;batch=512
ipv4_i32,baseline,uncompressed,gather_decode_then_index,0.044760,us/gather,16,min_of=5;batch=512
ipv4_i32,baseline,uncompressed,gather_decode_then_index,0.124475,us/gather,64,min_of=5;batch=512
ipv4_i32,baseline,uncompressed,gather_decode_then_index,0.235891,us/gather,256,min_of=5;batch=512
ipv4_i32,baseline,uncompressed,gather_decode_then_index,0.547361,us/gather,1024,min_of=5;batch=512
ipv4_i32,codec,rle,encode_time,129.127286,ms,0,min_of=1
ipv4_i32,codec,rle,compressed_size,4433384.000000,bytes,0,
ipv4_i32,codec,rle,compression_ratio,0.946073,x,0,raw_bytes=4194304;rows=1048576
ipv4_i32,codec,rle,schema,0.000000,token,0,EXP_RLE_I32_U16
ipv4_i32,codec,rle,data_type,0.000000,type,0,INT32
ipv4_i32,codec,rle,bulk_decode,0.006793,ms/rowgroup,0,min_of=5;rowgroups=16
ipv4_i32,codec,rle,point_decode_then_index,2.636951,us/probe,0,min_of=5;probes=20000
ipv4_i32,codec,rle,gather_decode_then_index,2.551170,us/gather,1,min_of=5;batch=512
ipv4_i32,codec,rle,gather_decode_then_index,2.875688,us/gather,4,min_of=5;batch=512
ipv4_i32,codec,rle,gather_decode_then_index,2.626836,us/gather,16,min_of=5;batch=512
ipv4_i32,codec,rle,gather_decode_then_index,3.465631,us/gather,64,min_of=5;batch=512
ipv4_i32,codec,rle,gather_decode_then_index,3.139064,us/gather,256,min_of=5;batch=512
ipv4_i32,codec,rle,gather_decode_then_index,3.370115,us/gather,1024,min_of=5;batch=512
ipv4_i32,codec,dict,encode_time,368.715787,ms,0,min_of=1
ipv4_i32,codec,dict,compressed_size,3302176.000000,bytes,0,
ipv4_i32,codec,dict,compression_ratio,1.270164,x,0,raw_bytes=4194304;rows=1048576
ipv4_i32,codec,dict,schema,0.000000,token,0,EXP_DICT_I32_FFOR_U08
ipv4_i32,codec,dict,data_type,0.000000,type,0,INT32
ipv4_i32,codec,dict,bulk_decode,0.006998,ms/rowgroup,0,min_of=5;rowgroups=16
ipv4_i32,codec,dict,point_decode_then_index,1.723663,us/probe,0,min_of=5;probes=20000
ipv4_i32,codec,dict,gather_decode_then_index,1.797420,us/gather,1,min_of=5;batch=512
ipv4_i32,codec,dict,gather_decode_then_index,1.795598,us/gather,4,min_of=5;batch=512
ipv4_i32,codec,dict,gather_decode_then_index,1.798656,us/gather,16,min_of=5;batch=512
ipv4_i32,codec,dict,gather_decode_then_index,1.843012,us/gather,64,min_of=5;batch=512
ipv4_i32,codec,dict,gather_decode_then_index,1.923266,us/gather,256,min_of=5;batch=512
ipv4_i32,codec,dict,gather_decode_then_index,2.169629,us/gather,1024,min_of=5;batch=512
ipv4_i32,codec,ffor,encode_time,146.429766,ms,0,min_of=1
ipv4_i32,codec,ffor,compressed_size,4206640.000000,bytes,0,
ipv4_i32,codec,ffor,compression_ratio,0.997067,x,0,raw_bytes=4194304;rows=1048576
ipv4_i32,codec,ffor,schema,0.000000,token,0,EXP_FFOR_I32
ipv4_i32,codec,ffor,data_type,0.000000,type,0,INT32
ipv4_i32,codec,ffor,bulk_decode,0.017372,ms/rowgroup,0,min_of=5;rowgroups=16
ipv4_i32,codec,ffor,point_decode_then_index,0.450841,us/probe,0,min_of=5;probes=20000
ipv4_i32,codec,ffor,gather_decode_then_index,0.425943,us/gather,1,min_of=5;batch=512
ipv4_i32,codec,ffor,gather_decode_then_index,0.427348,us/gather,4,min_of=5;batch=512
ipv4_i32,codec,ffor,gather_decode_then_index,0.397527,us/gather,16,min_of=5;batch=512
ipv4_i32,codec,ffor,gather_decode_then_index,0.448881,us/gather,64,min_of=5;batch=512
ipv4_i32,codec,ffor,gather_decode_then_index,0.581039,us/gather,256,min_of=5;batch=512
ipv4_i32,codec,ffor,gather_decode_then_index,0.980742,us/gather,1024,min_of=5;batch=512
ipv4_i32,codec,frequency,encode_time,132.063826,ms,0,min_of=1
ipv4_i32,codec,frequency,compressed_size,6263530.000000,bytes,0,
ipv4_i32,codec,frequency,compression_ratio,0.669639,x,0,raw_bytes=4194304;rows=1048576
ipv4_i32,codec,frequency,schema,0.000000,token,0,EXP_FREQUENCY_I32
ipv4_i32,codec,frequency,data_type,0.000000,type,0,INT32
ipv4_i32,codec,frequency,bulk_decode,0.039030,ms/rowgroup,0,min_of=5;rowgroups=16
ipv4_i32,codec,frequency,point_decode_then_index,2.002693,us/probe,0,min_of=5;probes=20000
ipv4_i32,codec,frequency,gather_decode_then_index,2.007219,us/gather,1,min_of=5;batch=512
ipv4_i32,codec,frequency,gather_decode_then_index,2.013594,us/gather,4,min_of=5;batch=512
ipv4_i32,codec,frequency,gather_decode_then_index,2.022256,us/gather,16,min_of=5;batch=512
ipv4_i32,codec,frequency,gather_decode_then_index,2.171582,us/gather,64,min_of=5;batch=512
ipv4_i32,codec,frequency,gather_decode_then_index,2.841574,us/gather,256,min_of=5;batch=512
ipv4_i32,codec,frequency,gather_decode_then_index,2.771850,us/gather,1024,min_of=5;batch=512
ipv4_i32,codec,subintsplit,encode_time,180.949056,ms,0,min_of=1
ipv4_i32,codec,subintsplit,compressed_size,4206688.000000,bytes,0,
ipv4_i32,codec,subintsplit,compression_ratio,0.997056,x,0,raw_bytes=4194304;rows=1048576
ipv4_i32,codec,subintsplit,schema,0.000000,token,0,EXP_SUBINTSPLIT_I32
ipv4_i32,codec,subintsplit,data_type,0.000000,type,0,INT32
ipv4_i32,codec,subintsplit,bulk_decode,0.017633,ms/rowgroup,0,min_of=5;rowgroups=16
ipv4_i32,codec,subintsplit,point_decode_then_index,0.392487,us/probe,0,min_of=5;probes=20000
ipv4_i32,codec,subintsplit,gather_decode_then_index,0.391256,us/gather,1,min_of=5;batch=512
ipv4_i32,codec,subintsplit,gather_decode_then_index,0.403670,us/gather,4,min_of=5;batch=512
ipv4_i32,codec,subintsplit,gather_decode_then_index,0.403602,us/gather,16,min_of=5;batch=512
ipv4_i32,codec,subintsplit,gather_decode_then_index,0.449158,us/gather,64,min_of=5;batch=512
ipv4_i32,codec,subintsplit,gather_decode_then_index,0.549803,us/gather,256,min_of=5;batch=512
ipv4_i32,codec,subintsplit,gather_decode_then_index,0.808018,us/gather,1024,min_of=5;batch=512
ipv4_i32,codec,subintsplit,sis_layout,1.000000,sections,1,starts=0|bw_med=32
ipv4_i32,codec,subintsplit,point_access,0.027030,us/probe,0,min_of=5;probes=20000
ipv4_i32,codec,subintsplit,gather_pointwise,0.031746,us/gather,1,min_of=5;batch=512
ipv4_i32,codec,subintsplit,gather_decoded,0.343230,us/gather,1,min_of=5;batch=512
ipv4_i32,codec,subintsplit,gather_pointwise,0.038568,us/gather,4,min_of=5;batch=512
ipv4_i32,codec,subintsplit,gather_decoded,0.359707,us/gather,4,min_of=5;batch=512
ipv4_i32,codec,subintsplit,gather_pointwise,0.088254,us/gather,16,min_of=5;batch=512
ipv4_i32,codec,subintsplit,gather_decoded,0.365121,us/gather,16,min_of=5;batch=512
ipv4_i32,codec,subintsplit,gather_pointwise,0.248855,us/gather,64,min_of=5;batch=512
ipv4_i32,codec,subintsplit,gather_decoded,0.398988,us/gather,64,min_of=5;batch=512
ipv4_i32,codec,subintsplit,gather_pointwise,0.597004,us/gather,256,min_of=5;batch=512
ipv4_i32,codec,subintsplit,gather_decoded,0.488283,us/gather,256,min_of=5;batch=512
ipv4_i32,codec,subintsplit,gather_pointwise,1.877068,us/gather,1024,min_of=5;batch=512
ipv4_i32,codec,subintsplit,gather_decoded,0.772723,us/gather,1024,min_of=5;batch=512
ipv4_i32,wizard,wizard_limited_with_sis,encode_time,1378.956269,ms,0,min_of=1
ipv4_i32,wizard,wizard_limited_with_sis,compressed_size,4148512.000000,bytes,0,
ipv4_i32,wizard,wizard_limited_with_sis,compression_ratio,1.011038,x,0,raw_bytes=4194304;rows=1048576
ipv4_i32,wizard,wizard_limited_with_sis,schema,0.000000,token,0,EXP_DICT_I32_FFOR_U16
ipv4_i32,wizard,wizard_limited_with_sis,data_type,0.000000,type,0,INT32
ipv4_i32,wizard,wizard_limited_with_sis,bulk_decode,0.009020,ms/rowgroup,0,min_of=5;rowgroups=16
ipv4_i32,wizard,wizard_limited_with_sis,point_decode_then_index,2.214301,us/probe,0,min_of=5;probes=20000
ipv4_i32,wizard,wizard_limited_with_sis,gather_decode_then_index,4.235264,us/gather,1,min_of=5;batch=512
ipv4_i32,wizard,wizard_limited_with_sis,gather_decode_then_index,3.827207,us/gather,4,min_of=5;batch=512
ipv4_i32,wizard,wizard_limited_with_sis,gather_decode_then_index,3.740064,us/gather,16,min_of=5;batch=512
ipv4_i32,wizard,wizard_limited_with_sis,gather_decode_then_index,4.351471,us/gather,64,min_of=5;batch=512
ipv4_i32,wizard,wizard_limited_with_sis,gather_decode_then_index,5.387699,us/gather,256,min_of=5;batch=512
ipv4_i32,wizard,wizard_limited_with_sis,gather_decode_then_index,4.997414,us/gather,1024,min_of=5;batch=512
ipv4_i32,wizard,wizard_limited_without_sis,encode_time,2438.271731,ms,0,min_of=1
ipv4_i32,wizard,wizard_limited_without_sis,compressed_size,4148512.000000,bytes,0,
ipv4_i32,wizard,wizard_limited_without_sis,compression_ratio,1.011038,x,0,raw_bytes=4194304;rows=1048576
ipv4_i32,wizard,wizard_limited_without_sis,schema,0.000000,token,0,EXP_DICT_I32_FFOR_U16
ipv4_i32,wizard,wizard_limited_without_sis,data_type,0.000000,type,0,INT32
ipv4_i32,wizard,wizard_limited_without_sis,bulk_decode,0.013587,ms/rowgroup,0,min_of=5;rowgroups=16
ipv4_i32,wizard,wizard_limited_without_sis,point_decode_then_index,2.138151,us/probe,0,min_of=5;probes=20000
ipv4_i32,wizard,wizard_limited_without_sis,gather_decode_then_index,2.213312,us/gather,1,min_of=5;batch=512
ipv4_i32,wizard,wizard_limited_without_sis,gather_decode_then_index,2.123816,us/gather,4,min_of=5;batch=512
ipv4_i32,wizard,wizard_limited_without_sis,gather_decode_then_index,2.116172,us/gather,16,min_of=5;batch=512
ipv4_i32,wizard,wizard_limited_without_sis,gather_decode_then_index,2.177437,us/gather,64,min_of=5;batch=512
ipv4_i32,wizard,wizard_limited_without_sis,gather_decode_then_index,2.286500,us/gather,256,min_of=5;batch=512
ipv4_i32,wizard,wizard_limited_without_sis,gather_decode_then_index,2.612990,us/gather,1024,min_of=5;batch=512
